driver_id,total_fare,avg_distance
73,176.85999999999999,42.47
87,126.47,12.896666666666667
