driver_id,total_fare,avg_distance
36,225.65000000000003,29.259999999999998
