driver_id,total_fare,avg_distance
50,238.14999999999998,36.269999999999996
