driver_id,total_fare,avg_distance
1,232.79999999999998,33.68666666666667
