driver_id,total_fare,avg_distance
4,167.14999999999998,19.78333333333333
